{"cameraMode":{"drawMode":0,"name":"Shaded","section":"Shading Mode"},"sceneLighting":true,"audioPlay":false,"sceneViewState":{"showFog":true,"showMaterialUpdate":true,"showSkybox":true,"showFlares":true,"showImageEffects":true,"showParticleSystems":true},"in2DMode":false,"pivot":{"x":0.07456108927726746,"y":1.8325263261795045,"z":-0.08039474487304688},"rotation":{"x":-0.06026461347937584,"y":0.009857432916760445,"z":-0.001998227322474122,"w":-0.9982750415802002},"size":9.328826904296875,"orthographic":false}