{"cameraMode":{"drawMode":0,"name":"Shaded","section":"Shading Mode"},"sceneLighting":false,"audioPlay":false,"sceneViewState":{"showFog":true,"showMaterialUpdate":true,"showSkybox":false,"showFlares":true,"showImageEffects":true,"showParticleSystems":true},"in2DMode":false,"pivot":{"x":0.0,"y":1.0000009536743165,"z":4.76837158203125e-7},"rotation":{"x":-0.06026461347937584,"y":0.009857432916760445,"z":-0.001998227322474122,"w":-0.9982750415802002},"size":18.95709800720215,"orthographic":false}